#,Catégorie,Entreprise,Site,Pays,Spécialité
1,A. Badgeuses / pointeuses / terminaux biométriques,UKG (ex-Kronos),ukg.com,USA,"Pointeuses InTouch, gestion des temps"
2,A. Badgeuses / pointeuses / terminaux biométriques,ADP,adp.com,USA,Pointeuses + paie/temps
3,A. Badgeuses / pointeuses / terminaux biométriques,ZKTeco,zkteco.com,Chine,"Pointeuses biométriques, contrôle d'accès"
4,A. Badgeuses / pointeuses / terminaux biométriques,Suprema,supremainc.com,Corée du Sud,Terminaux biométriques BioStation
5,A. Badgeuses / pointeuses / terminaux biométriques,HID Global,hidglobal.com,USA,"Badges, lecteurs RFID, biométrie"
6,A. Badgeuses / pointeuses / terminaux biométriques,Hikvision,hikvision.com,Chine,"Terminaux faciaux, pointage"
7,A. Badgeuses / pointeuses / terminaux biométriques,Dahua Technology,dahuasecurity.com,Chine,Terminaux contrôle d'accès/pointage
8,A. Badgeuses / pointeuses / terminaux biométriques,Anviz,anviz.com,USA/Chine,Pointeuses biométriques
9,A. Badgeuses / pointeuses / terminaux biométriques,Amano,amano.com,Japon/USA,Horloges pointeuses
10,A. Badgeuses / pointeuses / terminaux biométriques,Accu-Time Systems (Amano),accu-time.com,USA,Terminaux industriels de pointage
11,A. Badgeuses / pointeuses / terminaux biométriques,Kelio (Bodet Software),kelio.com,France,"Badgeuses Visio, GTA"
12,A. Badgeuses / pointeuses / terminaux biométriques,Bodet Time,bodet-time.com,France,"Pointeuses, horloges"
13,A. Badgeuses / pointeuses / terminaux biométriques,Horoquartz,horoquartz.fr,France,"Badgeuses, GTA, contrôle d'accès"
14,A. Badgeuses / pointeuses / terminaux biométriques,Octime,octime.com,France,Badgeuses et gestion des temps
15,A. Badgeuses / pointeuses / terminaux biométriques,Matrix Comsec,matrixcomsec.com,Inde,Pointeuses biométriques
16,A. Badgeuses / pointeuses / terminaux biométriques,eSSL Security,esslsecurity.com,Inde,Pointeuses biométriques
17,A. Badgeuses / pointeuses / terminaux biométriques,Realtime Biometrics,realtimebiometrics.com,Inde,Pointeuses biométriques
18,A. Badgeuses / pointeuses / terminaux biométriques,Mantra Softech,mantratec.com,Inde,"Biométrie, pointage"
19,A. Badgeuses / pointeuses / terminaux biométriques,FingerTec,fingertec.com,Malaisie,Pointeuses biométriques
20,A. Badgeuses / pointeuses / terminaux biométriques,Virdi (Union Community),virditech.com,Corée du Sud,Terminaux biométriques
21,A. Badgeuses / pointeuses / terminaux biométriques,IDEMIA,idemia.com,France,Terminaux biométriques MorphoWave/VisionPass
22,A. Badgeuses / pointeuses / terminaux biométriques,Invixium,invixium.com,Canada,Terminaux biométriques
23,A. Badgeuses / pointeuses / terminaux biométriques,Iris ID,irisid.com,USA,Reconnaissance de l'iris
24,A. Badgeuses / pointeuses / terminaux biométriques,Synel,synel.com,Israël,Terminaux de pointage
25,A. Badgeuses / pointeuses / terminaux biométriques,Pyramid Time Systems,pyramidtimesystems.com,USA,Pointeuses
26,A. Badgeuses / pointeuses / terminaux biométriques,Lathem,lathem.com,USA,Pointeuses
27,A. Badgeuses / pointeuses / terminaux biométriques,Acroprint,acroprint.com,USA,Pointeuses
28,A. Badgeuses / pointeuses / terminaux biométriques,Icon Time Systems,icontime.com,USA,Pointeuses
29,A. Badgeuses / pointeuses / terminaux biométriques,uAttend,uattend.com,USA,Pointeuses connectées
30,A. Badgeuses / pointeuses / terminaux biométriques,Allhours,allhours.com,Slovénie,Terminaux de pointage cloud
31,A. Badgeuses / pointeuses / terminaux biométriques,Spica International,spica.com,Slovénie,Terminaux de pointage
32,A. Badgeuses / pointeuses / terminaux biométriques,Tensor,tensor.co.uk,Royaume-Uni,Terminaux de pointage
33,A. Badgeuses / pointeuses / terminaux biométriques,Datafox,datafox.de,Allemagne,Terminaux de saisie / pointage
34,A. Badgeuses / pointeuses / terminaux biométriques,REINER SCT,reiner-sct.com,Allemagne,Terminaux timeCard
35,A. Badgeuses / pointeuses / terminaux biométriques,PCS Systemtechnik,pcs.com,Allemagne,Terminaux INTUS
36,A. Badgeuses / pointeuses / terminaux biométriques,Interflex,interflex.com,Allemagne,"Pointage, contrôle d'accès"
37,A. Badgeuses / pointeuses / terminaux biométriques,ISGUS,isgus.de,Allemagne,Terminaux de pointage
38,A. Badgeuses / pointeuses / terminaux biométriques,GANTNER,gantner.com,Autriche,Terminaux RFID
39,A. Badgeuses / pointeuses / terminaux biométriques,primion,primion.de,Allemagne,"Pointage, accès"
40,A. Badgeuses / pointeuses / terminaux biométriques,GRÜN Software,gruen.net,Allemagne,Terminaux de pointage
41,A. Badgeuses / pointeuses / terminaux biométriques,AIDA ORGA,aida-orga.de,Allemagne,"Pointage, accès"
42,A. Badgeuses / pointeuses / terminaux biométriques,ATOSS,atoss.com,Allemagne,WFM + terminaux
43,A. Badgeuses / pointeuses / terminaux biométriques,tisoware,tisoware.com,Allemagne,"Pointage, accès"
44,A. Badgeuses / pointeuses / terminaux biométriques,MOBATIME,mobatime.com,Suisse,"Pointage, horloges"
45,A. Badgeuses / pointeuses / terminaux biométriques,Protime,protime.eu,Belgique,"Pointeuses, GTA"
46,A. Badgeuses / pointeuses / terminaux biométriques,Spec (Grupo Spec),specsa.com,Espagne,Terminaux de pointage
47,A. Badgeuses / pointeuses / terminaux biométriques,Kimaldi,kimaldi.com,Espagne,Terminaux de pointage
48,A. Badgeuses / pointeuses / terminaux biométriques,Solari di Udine,solari.it,Italie,Pointeuses
49,A. Badgeuses / pointeuses / terminaux biométriques,Zucchetti,zucchetti.com,Italie,Terminaux de pointage + GTA
50,A. Badgeuses / pointeuses / terminaux biométriques,Topdata,topdata.com.br,Brésil,"Pointeuses, tourniquets"
51,A. Badgeuses / pointeuses / terminaux biométriques,Henry,henry.com.br,Brésil,"Pointeuses, tourniquets"
52,A. Badgeuses / pointeuses / terminaux biométriques,Control iD,controlid.com.br,Brésil,"Pointeuses, accès"
53,A. Badgeuses / pointeuses / terminaux biométriques,Dimep,dimep.com.br,Brésil,Pointeuses
54,A. Badgeuses / pointeuses / terminaux biométriques,Uniview,uniview.com,Chine,Terminaux faciaux
55,A. Badgeuses / pointeuses / terminaux biométriques,Paychex,paychex.com,USA,Pointeuses Flex Time
56,A. Badgeuses / pointeuses / terminaux biométriques,Paycom,paycom.com,USA,Pointeuses + paie
57,A. Badgeuses / pointeuses / terminaux biométriques,Paylocity,paylocity.com,USA,Pointeuses + paie
58,A. Badgeuses / pointeuses / terminaux biométriques,Dayforce,dayforce.com,Canada/USA,Pointeuses Dayforce Touch
59,A. Badgeuses / pointeuses / terminaux biométriques,TimeClock Plus,tcpsoftware.com,USA,Pointeuses + logiciel
60,B. Contrôle d'accès par badge,ASSA ABLOY,assaabloy.com,Suède,"Contrôle d'accès, serrures"
61,B. Contrôle d'accès par badge,dormakaba,dormakaba.com,Suisse,"Contrôle d'accès, pointage"
62,B. Contrôle d'accès par badge,Allegion,allegion.com,Irlande/USA,Contrôle d'accès
63,B. Contrôle d'accès par badge,SALTO Systems,saltosystems.com,Espagne,"Serrures électroniques, badges"
64,B. Contrôle d'accès par badge,Paxton,paxton-access.com,Royaume-Uni,Contrôle d'accès
65,B. Contrôle d'accès par badge,Nedap Security,nedapsecurity.com,Pays-Bas,Contrôle d'accès AEOS
66,B. Contrôle d'accès par badge,Gallagher Security,security.gallagher.com,Nouvelle-Zélande,Contrôle d'accès
67,B. Contrôle d'accès par badge,Genetec,genetec.com,Canada,"Sécurité unifiée, accès"
68,B. Contrôle d'accès par badge,LenelS2,lenels2.com,USA,Contrôle d'accès
69,B. Contrôle d'accès par badge,Johnson Controls (Software House),johnsoncontrols.com,Irlande/USA,Contrôle d'accès
70,B. Contrôle d'accès par badge,Bosch Security,boschsecurity.com,Allemagne,Contrôle d'accès
71,B. Contrôle d'accès par badge,Honeywell Security,honeywell.com,USA,Contrôle d'accès
72,B. Contrôle d'accès par badge,Axis Communications,axis.com,Suède,Lecteurs/contrôleurs d'accès
73,B. Contrôle d'accès par badge,Brivo,brivo.com,USA,Contrôle d'accès cloud
74,B. Contrôle d'accès par badge,Verkada,verkada.com,USA,Contrôle d'accès cloud
75,B. Contrôle d'accès par badge,Avigilon (Alta / ex-Openpath),avigilon.com,Canada/USA,Contrôle d'accès cloud
76,B. Contrôle d'accès par badge,Kisi,getkisi.com,USA,Contrôle d'accès cloud
77,B. Contrôle d'accès par badge,STid,stid-security.com,France,Lecteurs de badges sécurisés
78,B. Contrôle d'accès par badge,CDVI,cdvi.com,France,Contrôle d'accès
79,B. Contrôle d'accès par badge,TIL Technologies,til-technologies.fr,France,Contrôle d'accès
80,B. Contrôle d'accès par badge,EVVA,evva.com,Autriche,"Serrures électroniques, accès"
81,"C. Bornes de commande / self-service (restauration, retail)",Diebold Nixdorf,dieboldnixdorf.com,USA/Allemagne,N°1 mondial bornes self-order
82,"C. Bornes de commande / self-service (restauration, retail)",NCR Voyix,ncrvoyix.com,USA,"Bornes, caisses"
83,"C. Bornes de commande / self-service (restauration, retail)",Toshiba Global Commerce Solutions,toshibacommerce.com,USA/Japon,Bornes self-checkout
84,"C. Bornes de commande / self-service (restauration, retail)",PAR Technology,partech.com,USA,POS + bornes restauration
85,"C. Bornes de commande / self-service (restauration, retail)",Oracle MICROS (Food & Beverage),oracle.com,USA,POS + bornes
86,"C. Bornes de commande / self-service (restauration, retail)",Acrelec,acrelec.com,France,Bornes de commande QSR
87,"C. Bornes de commande / self-service (restauration, retail)",AURES,aures.com,France,Bornes et terminaux POS
88,"C. Bornes de commande / self-service (restauration, retail)",Pyramid Computer (Polytouch),pyramid-computer.com,Allemagne,Bornes de commande
89,"C. Bornes de commande / self-service (restauration, retail)",KIOSK Information Systems,kiosk.com,USA,Bornes sur mesure
90,"C. Bornes de commande / self-service (restauration, retail)",Olea Kiosks,olea.com,USA,Bornes sur mesure
91,"C. Bornes de commande / self-service (restauration, retail)",Frank Mayer & Associates,frankmayer.com,USA,Bornes de commande
92,"C. Bornes de commande / self-service (restauration, retail)",GRUBBRR,grubbrr.com,USA,Bornes self-order
93,"C. Bornes de commande / self-service (restauration, retail)",Bite,bite.kiwi,Nouvelle-Zélande/USA,Logiciel de borne
94,"C. Bornes de commande / self-service (restauration, retail)",Toast,toasttab.com,USA,POS + borne
95,"C. Bornes de commande / self-service (restauration, retail)",Square,squareup.com,USA,POS + borne
96,"C. Bornes de commande / self-service (restauration, retail)",Clover,clover.com,USA,POS + borne
97,"C. Bornes de commande / self-service (restauration, retail)",Lightspeed,lightspeedhq.com,Canada,POS + borne
98,"C. Bornes de commande / self-service (restauration, retail)",Revel Systems,revelsystems.com,USA,POS + borne
99,"C. Bornes de commande / self-service (restauration, retail)",SpotOn,spoton.com,USA,POS + borne
100,"C. Bornes de commande / self-service (restauration, retail)",Xenial (Global Payments),xenial.com,USA,POS + borne QSR
101,"C. Bornes de commande / self-service (restauration, retail)",Innovorder,innovorder.fr,France,Bornes de commande
102,"C. Bornes de commande / self-service (restauration, retail)",Tabesto,tabesto.com,France,Bornes de commande
103,"C. Bornes de commande / self-service (restauration, retail)",Deliverect,deliverect.com,Belgique,Commandes + bornes
104,"C. Bornes de commande / self-service (restauration, retail)",UEAT,ueat.io,Canada,Commande en ligne + bornes
105,"C. Bornes de commande / self-service (restauration, retail)",Zelty,zelty.fr,France,Caisse + borne
106,"C. Bornes de commande / self-service (restauration, retail)",L'Addition,laddition.com,France,Caisse + borne
107,"C. Bornes de commande / self-service (restauration, retail)",Cashpad,cashpad.fr,France,Caisse + borne
108,"C. Bornes de commande / self-service (restauration, retail)",SumUp (ex-Tiller),sumup.com,Royaume-Uni,Caisse + borne
109,"C. Bornes de commande / self-service (restauration, retail)",Ordermatic,ordermatic.com,Belgique,Borne de commande
110,"C. Bornes de commande / self-service (restauration, retail)",Mashgin,mashgin.com,USA,Borne self-checkout IA
111,"C. Bornes de commande / self-service (restauration, retail)",365 Retail Markets,365retailmarkets.com,USA,"Micro-markets, bornes"
112,"C. Bornes de commande / self-service (restauration, retail)",Ziosk,ziosk.com,USA,Tablettes de table
113,"C. Bornes de commande / self-service (restauration, retail)",Presto,presto.com,USA,Tablettes/commande
114,"C. Bornes de commande / self-service (restauration, retail)",Wavetec,wavetec.com,Émirats/USA,"Bornes, files d'attente"
115,"C. Bornes de commande / self-service (restauration, retail)",Qmatic,qmatic.com,Suède,Bornes de gestion de file
116,"C. Bornes de commande / self-service (restauration, retail)",ESII,esii.com,France,Bornes de gestion de file
117,"C. Bornes de commande / self-service (restauration, retail)",Glory Global Solutions,glory-global.com,Japon,Bornes avec paiement espèces
118,"C. Bornes de commande / self-service (restauration, retail)",Hyosung,hyosungamericas.com,Corée du Sud,"Bornes, GAB"
119,"C. Bornes de commande / self-service (restauration, retail)",Posiflex,posiflex.com,Taïwan,Bornes et POS
120,"C. Bornes de commande / self-service (restauration, retail)",Posbank,posbank.com,Corée du Sud,Bornes et POS
121,"C. Bornes de commande / self-service (restauration, retail)",SUNMI,sunmi.com,Chine,Bornes Android
122,"C. Bornes de commande / self-service (restauration, retail)",iMin,imin.sg,Singapour/Chine,Bornes Android
123,"C. Bornes de commande / self-service (restauration, retail)",Hongzhou Smart,hongzhousmart.com,Chine,"Bornes, GAB (450 000+ unités)"
124,"C. Bornes de commande / self-service (restauration, retail)",Creator China Tech,creatorchina.com,Chine,Bornes modulaires
125,"C. Bornes de commande / self-service (restauration, retail)",Nayax,nayax.com,Israël,Paiement pour bornes/automates
126,"C. Bornes de commande / self-service (restauration, retail)",Verifone,verifone.com,USA,Paiement pour bornes
127,"C. Bornes de commande / self-service (restauration, retail)",Ingenico,ingenico.com,France,Paiement pour bornes (Self range)
128,"C. Bornes de commande / self-service (restauration, retail)",Worldline,worldline.com,France,Paiement pour bornes
129,"C. Bornes de commande / self-service (restauration, retail)",SITA,sita.aero,Suisse,Bornes aéroport
130,"C. Bornes de commande / self-service (restauration, retail)",Materna IPS,materna-ips.com,Allemagne,Bornes aéroport
131,D. Bornes / totems tactiles interactifs & affichage,Elo Touch Solutions,elotouch.com,USA,"Écrans tactiles, bornes"
132,D. Bornes / totems tactiles interactifs & affichage,HP (Engage),hp.com,USA,Bornes et POS
133,D. Bornes / totems tactiles interactifs & affichage,Samsung Business (Kiosk),samsung.com,Corée du Sud,"Bornes, écrans pro"
134,D. Bornes / totems tactiles interactifs & affichage,LG Business Solutions,lg.com,Corée du Sud,"Bornes, écrans pro"
135,D. Bornes / totems tactiles interactifs & affichage,Philips Professional Displays (PPDS),ppds.com,Pays-Bas,Écrans pro tactiles
136,D. Bornes / totems tactiles interactifs & affichage,Sharp NEC Display Solutions,sharpnecdisplays.eu,Japon,Écrans pro tactiles
137,D. Bornes / totems tactiles interactifs & affichage,ViewSonic,viewsonic.com,USA,Écrans tactiles
138,D. Bornes / totems tactiles interactifs & affichage,iiyama,iiyama.com,Japon/Pays-Bas,Écrans tactiles
139,D. Bornes / totems tactiles interactifs & affichage,Planar,planar.com,USA,Écrans tactiles
140,D. Bornes / totems tactiles interactifs & affichage,BenQ,benq.com,Taïwan,Écrans tactiles pro
141,D. Bornes / totems tactiles interactifs & affichage,Advantech,advantech.com,Taïwan,PC/bornes industrielles
142,D. Bornes / totems tactiles interactifs & affichage,Faytech,faytech.com,Allemagne/USA,"Écrans tactiles, bornes"
143,D. Bornes / totems tactiles interactifs & affichage,Touch Dynamic,touchdynamic.com,USA,"Bornes, POS"
144,D. Bornes / totems tactiles interactifs & affichage,Advanced Kiosks,advancedkiosks.com,USA,Bornes interactives
145,D. Bornes / totems tactiles interactifs & affichage,Meridian Kiosks,meridiankiosks.com,USA,Bornes interactives
146,D. Bornes / totems tactiles interactifs & affichage,KioskGroup,kioskgroup.com,USA,Bornes interactives
147,D. Bornes / totems tactiles interactifs & affichage,Livewire Digital,livewiredigital.com,USA,Bornes interactives
148,D. Bornes / totems tactiles interactifs & affichage,Nanonation,nanonation.net,USA,Bornes/logiciel
149,D. Bornes / totems tactiles interactifs & affichage,Redyref,redyref.com,USA,Bornes interactives
150,D. Bornes / totems tactiles interactifs & affichage,Slabb,slabb.com,USA,Bornes extérieures
151,D. Bornes / totems tactiles interactifs & affichage,Peerless-AV,peerless-av.com,USA,"Bornes, supports"
152,D. Bornes / totems tactiles interactifs & affichage,Lilitab,lilitab.com,USA,Bornes tablettes
153,D. Bornes / totems tactiles interactifs & affichage,Bouncepad,bouncepad.com,Royaume-Uni,Bornes tablettes
154,D. Bornes / totems tactiles interactifs & affichage,Armodilo,armodilo.com,Royaume-Uni,Bornes tablettes
155,D. Bornes / totems tactiles interactifs & affichage,Genee World,geneeworld.com,Royaume-Uni,Bornes tactiles
156,D. Bornes / totems tactiles interactifs & affichage,Prestop,prestop.nl,Pays-Bas,Bornes tactiles
157,D. Bornes / totems tactiles interactifs & affichage,Digilor,digilor.fr,France,Totems tactiles
158,D. Bornes / totems tactiles interactifs & affichage,Ideum,ideum.com,USA,Tables et bornes tactiles
159,D. Bornes / totems tactiles interactifs & affichage,Intuiface,intuiface.com,France/USA,Logiciel d'interactivité
160,D. Bornes / totems tactiles interactifs & affichage,KioWare,kioware.com,USA,Logiciel de borne sécurisé
161,D. Bornes / totems tactiles interactifs & affichage,Provisio (SiteKiosk),provisio.com,Allemagne,Logiciel de borne sécurisé
162,D. Bornes / totems tactiles interactifs & affichage,STRATACACHE,stratacache.com,USA,"Affichage dynamique, bornes"
163,D. Bornes / totems tactiles interactifs & affichage,Scala,scala.com,USA,Affichage dynamique
164,D. Bornes / totems tactiles interactifs & affichage,Broadsign,broadsign.com,Canada,Affichage dynamique
165,D. Bornes / totems tactiles interactifs & affichage,Navori,navori.com,Suisse,Affichage dynamique
166,D. Bornes / totems tactiles interactifs & affichage,Cenareo,cenareo.com,France,Affichage dynamique
167,E. Logiciels de pointage avec badgeuse / borne tablette,Skello,skello.io,France,Planning + pointeuse tablette
168,E. Logiciels de pointage avec badgeuse / borne tablette,Combo,combohr.com,France,Planning + badgeuse
169,E. Logiciels de pointage avec badgeuse / borne tablette,Lucca (Timmi),lucca.fr,France,SIRH + temps
170,E. Logiciels de pointage avec badgeuse / borne tablette,Factorial,factorialhr.com,Espagne,SIRH + pointage
171,E. Logiciels de pointage avec badgeuse / borne tablette,Eurecia,eurecia.com,France,SIRH + temps
172,E. Logiciels de pointage avec badgeuse / borne tablette,Snapshift,snapshift.co,France,Planning + pointeuse
173,E. Logiciels de pointage avec badgeuse / borne tablette,Personio,personio.com,Allemagne,SIRH + temps
174,E. Logiciels de pointage avec badgeuse / borne tablette,Planday,planday.com,Danemark,Planning + pointeuse
175,E. Logiciels de pointage avec badgeuse / borne tablette,Shiftbase,shiftbase.com,Pays-Bas,Planning + pointeuse
176,E. Logiciels de pointage avec badgeuse / borne tablette,Deputy,deputy.com,Australie,Borne de pointage iPad
177,E. Logiciels de pointage avec badgeuse / borne tablette,Tanda,tanda.co,Australie,Pointeuse + planning
178,E. Logiciels de pointage avec badgeuse / borne tablette,Homebase,joinhomebase.com,USA,Pointeuse tablette
179,E. Logiciels de pointage avec badgeuse / borne tablette,When I Work,wheniwork.com,USA,Pointage + planning
180,E. Logiciels de pointage avec badgeuse / borne tablette,7shifts,7shifts.com,Canada,Planning restaurants + pointage
181,E. Logiciels de pointage avec badgeuse / borne tablette,Sling,getsling.com,USA,Planning + pointage
182,E. Logiciels de pointage avec badgeuse / borne tablette,Connecteam,connecteam.com,Israël/USA,Pointage mobile + kiosque
183,E. Logiciels de pointage avec badgeuse / borne tablette,Jibble,jibble.io,Malaisie/USA,Pointage kiosque/facial
184,E. Logiciels de pointage avec badgeuse / borne tablette,Clockify,clockify.me,USA,Pointage kiosque
185,E. Logiciels de pointage avec badgeuse / borne tablette,Buddy Punch,buddypunch.com,USA,Pointage + kiosque
186,E. Logiciels de pointage avec badgeuse / borne tablette,Workforce.com,workforce.com,USA,WFM + pointage
187,F. Plateformes de référence / comparatifs / annuaires,Kiosk Marketplace,kioskmarketplace.com,USA,Média n°1 du secteur borne
188,F. Plateformes de référence / comparatifs / annuaires,Kiosk Industry,kioskindustry.org,USA,Association / veille secteur borne
189,F. Plateformes de référence / comparatifs / annuaires,Capterra,capterra.com,USA,Avis logiciels pointage/borne
190,F. Plateformes de référence / comparatifs / annuaires,G2,g2.com,USA,Avis logiciels
191,F. Plateformes de référence / comparatifs / annuaires,DirectIndustry,directindustry.com,France,Catalogue fabricants
192,F. Plateformes de référence / comparatifs / annuaires,HelloPro,hellopro.fr,France,Annuaire B2B fournisseurs
193,F. Plateformes de référence / comparatifs / annuaires,Companeo,companeo.com,France,Comparatif devis bornes/pointeuses
194,F. Plateformes de référence / comparatifs / annuaires,Tool Advisor,tool-advisor.fr,France,Comparatif logiciels/bornes
195,F. Plateformes de référence / comparatifs / annuaires,Alibaba (fournisseurs bornes),alibaba.com,Chine,Marketplace fabricants
196,F. Plateformes de référence / comparatifs / annuaires,Made-in-China,made-in-china.com,Chine,Marketplace fabricants
197,F. Plateformes de référence / comparatifs / annuaires,SecurityInfoWatch,securityinfowatch.com,USA,Média sécurité / accès
198,F. Plateformes de référence / comparatifs / annuaires,IFSEC Global,ifsecglobal.com,Royaume-Uni,Média sécurité / accès
199,F. Plateformes de référence / comparatifs / annuaires,Digital Signage Today,digitalsignagetoday.com,USA,Média affichage / bornes
200,F. Plateformes de référence / comparatifs / annuaires,Fast Casual,fastcasual.com,USA,Média restauration (bornes)
